convert arrowdown-a.gif png/arrowdown-a.png
convert arrowdown-d.gif png/arrowdown-d.png
convert arrowdown-n.gif png/arrowdown-n.png
convert arrowdown-p.gif png/arrowdown-p.png
convert arrowleft-a.gif png/arrowleft-a.png
convert arrowleft-d.gif png/arrowleft-d.png
convert arrowleft-n.gif png/arrowleft-n.png
convert arrowleft-p.gif png/arrowleft-p.png
convert arrowright-a.gif png/arrowright-a.png
convert arrowright-d.gif png/arrowright-d.png
convert arrowright-n.gif png/arrowright-n.png
convert arrowright-p.gif png/arrowright-p.png
convert arrowup-a.gif png/arrowup-a.png
convert arrowup-d.gif png/arrowup-d.png
convert arrowup-n.gif png/arrowup-n.png
convert arrowup-p.gif png/arrowup-p.png
convert blank.gif png/blank.png
convert button-a1p.gif png/button-a1p.png
convert button-a.gif png/button-a.png
convert button-default.gif png/button-default.png
convert button-d.gif png/button-d.png
convert button-n.gif png/button-n.png
convert button-p1p.gif png/button-p1p.png
convert button-pa.gif png/button-pa.png
convert button-p.gif png/button-p.png
convert check-ac.gif png/check-ac.png
convert check-au.gif png/check-au.png
convert check-dc.gif png/check-dc.png
convert check-du.gif png/check-du.png
convert check-hu.gif png/check-hu.png
convert check-nc.gif png/check-nc.png
convert check-nu.gif png/check-nu.png
convert check-pc.gif png/check-pc.png
convert check-pu.gif png/check-pu.png
convert comboarrow-af.gif png/comboarrow-af.png
convert comboarrow-a.gif png/comboarrow-a.png
convert comboarrow-d.gif png/comboarrow-d.png
convert comboarrow-n.gif png/comboarrow-n.png
convert comboarrow-p.gif png/comboarrow-p.png
convert combo-n.gif png/combo-n.png
convert combo-ra.gif png/combo-ra.png
convert combo-rd.gif png/combo-rd.png
convert combo-rf.gif png/combo-rf.png
convert combo-rn.gif png/combo-rn.png
convert combo-rp.gif png/combo-rp.png
convert entry-a.gif png/entry-a.png
convert entry-d.gif png/entry-d.png
convert entry-n.gif png/entry-n.png
convert entry-rd.gif png/entry-rd.png
convert labelframe.gif png/labelframe.png
convert menuarrow-a.gif png/menuarrow-a.png
convert menuarrow-d.gif png/menuarrow-d.png
convert progress-h.gif png/progress-h.png
convert progress-v.gif png/progress-v.png
convert radio-ac.gif png/radio-ac.png
convert radio-au.gif png/radio-au.png
convert radio-dc.gif png/radio-dc.png
convert radio-du.gif png/radio-du.png
convert radio-hu.gif png/radio-hu.png
convert radio-nc.gif png/radio-nc.png
convert radio-nu.gif png/radio-nu.png
convert radio-pc.gif png/radio-pc.png
convert radio-pu.gif png/radio-pu.png
convert sbthumb-ha.gif png/sbthumb-ha.png
convert sbthumb-hd.gif png/sbthumb-hd.png
convert sbthumb-hn.gif png/sbthumb-hn.png
convert sbthumb-hp.gif png/sbthumb-hp.png
convert sbthumb-va.gif png/sbthumb-va.png
convert sbthumb-va.png sbthumb-va.png
convert sbthumb-vd.gif png/sbthumb-vd.png
convert sbthumb-vn.gif png/sbthumb-vn.png
convert sbthumb-vp.gif png/sbthumb-vp.png
convert scale-ha.gif png/scale-ha.png
convert scale-hd.gif png/scale-hd.png
convert scale-hn.gif png/scale-hn.png
convert scaletrough-h.gif png/scaletrough-h.png
convert scaletrough-v.gif png/scaletrough-v.png
convert scale-va.gif png/scale-va.png
convert scale-vd.gif png/scale-vd.png
convert scale-vn.gif png/scale-vn.png
convert sep-h.gif png/sep-h.png
convert sep-v.gif png/sep-v.png
convert sizegrip.gif png/sizegrip.png
convert spinarrowdown-af.gif png/spinarrowdown-af.png
convert spinarrowdown-a.gif png/spinarrowdown-a.png
convert spinarrowdown-paf.gif png/spinarrowdown-paf.png
convert spinarrowdown-pa.gif png/spinarrowdown-pa.png
convert spinarrowdown-p.gif png/spinarrowdown-p.png
convert spinarrowup-af.gif png/spinarrowup-af.png
convert spinarrowup-a.gif png/spinarrowup-a.png
convert spinarrowup-paf.gif png/spinarrowup-paf.png
convert spinarrowup-pa.gif png/spinarrowup-pa.png
convert spinarrowup-p.gif png/spinarrowup-p.png
convert tab-a.gif png/tab-a.png
convert tab-n.gif png/tab-n.png
convert tab-s.gif png/tab-s.png
convert toolbutton-a.gif png/toolbutton-a.png
convert toolbutton-d.gif png/toolbutton-d.png
convert toolbutton-n.gif png/toolbutton-n.png
convert toolbutton-pa.gif png/toolbutton-pa.png
convert toolbutton-p.gif png/toolbutton-p.png
convert tree-d.gif png/tree-d.png
convert tree-h.gif png/tree-h.png
convert tree-n.gif png/tree-n.png
convert tree-p.gif png/tree-p.png
convert comboarrow-d\ (Kopie).gif png/comboarrow-d\ (Kopie).png
convert comboarrow-n\ (Kopie).gif png/comboarrow-n\ (Kopie).png
convert comboarrow-p\ (Kopie).gif png/comboarrow-p\ (Kopie).png
convert spinarrowup-p\ (Kopie).gif png/spinarrowup-p\ (Kopie).png
convert spinarrowdown-p\ (Kopie).gif png/spinarrowdown-p\ (Kopie).png
convert combo-n\ (Kopie).gif png/combo-n\ (Kopie).png
